experiment	lighting_intensity	peak_electrons	speckle_size	frame	depth_mae_mm	depth_bias_mm	depth_rel_mae	depth_rel_relief	disparity_epe_px	selftest_mae_mm	n_px	ref_mean_mm	mapping	render_res	regularization	strain_sigma
lighting_0p0001	0.0001	0	0.07	27	NaN	NaN	NaN	NaN	NaN	NaN	0	NaN	o0m0	512	TGV	20
lighting_0p001	0.001	0	0.07	27	NaN	NaN	NaN	NaN	NaN	NaN	0	NaN	o0m0	512	TGV	20
lighting_0p002	0.002	0	0.07	27	NaN	NaN	NaN	NaN	NaN	NaN	0	NaN	o0m0	512	TGV	20
lighting_0p003	0.003	0	0.07	27	NaN	NaN	NaN	NaN	NaN	NaN	0	NaN	o0m0	512	TGV	20
lighting_0p005	0.005	0	0.07	27	NaN	NaN	NaN	NaN	NaN	NaN	0	NaN	o0m0	512	TGV	20
lighting_0p007	0.007	0	0.07	27	NaN	NaN	NaN	NaN	NaN	NaN	0	NaN	o0m0	512	TGV	20
lighting_0p01	0.01	0	0.07	27	NaN	NaN	NaN	NaN	NaN	NaN	0	NaN	o0m0	512	TGV	20
lighting_0p02	0.02	0	0.07	27	NaN	NaN	NaN	NaN	NaN	NaN	0	NaN	o0m0	512	TGV	20
lighting_0p03	0.03	0	0.07	27	NaN	NaN	NaN	NaN	NaN	NaN	0	NaN	o0m0	512	TGV	20
lighting_0p05	0.05	0	0.07	27	NaN	NaN	NaN	NaN	NaN	NaN	0	NaN	o0m0	512	TGV	20
lighting_0p1	0.1	0	0.07	27	4.75419	-1.17624	0.00553801	0.855395	10.1596	0.159532	169191	856.492	o4m4	512	TGV	20
lighting_0p2	0.2	0	0.07	27	0.780338	-0.548752	0.000908654	0.140402	3.92609	0.159532	169191	856.492	o7m6	512	TGV	20
lighting_0p5	0.5	0	0.07	27	0.249189	0.110411	0.000290409	0.0448352	3.26236	0.159532	169191	856.492	o5m4	512	TGV	20
lighting_1	1	0	0.07	27	0.241463	0.119347	0.000281443	0.043445	3.24316	0.159532	169191	856.492	o5m4	512	TGV	20
lighting_2	2	0	0.07	27	0.252598	0.120254	0.00029444	0.0454487	3.24084	0.159532	169191	856.492	o5m4	512	TGV	20
lighting_3	3	0	0.07	27	0.260692	0.129043	0.00030383	0.0469049	3.2575	0.159532	169191	856.492	o5m4	512	TGV	20
lighting_5	5	0	0.07	27	0.259078	0.133086	0.000301967	0.0466145	3.26614	0.159532	169191	856.492	o5m4	512	TGV	20
lighting_7	7	0	0.07	27	0.260251	0.135909	0.000303346	0.0468255	3.25311	0.159532	169191	856.492	o5m4	512	TGV	20
lighting_10	10	0	0.07	27	0.561562	0.0778903	0.00065244	0.101039	3.70351	0.159532	169191	856.492	o5m4	512	TGV	20
lighting_15	15	0	0.07	27	1.55029	1.02755	0.00181336	0.278935	4.78427	0.159532	169191	856.492	o5m4	512	TGV	20
lighting_20	20	0	0.07	27	2.00429	0.64347	0.00233776	0.360621	7.47836	0.159532	169191	856.492	o5m4	512	TGV	20
lighting_30	30	0	0.07	27	3.96308	1.20772	0.00461164	0.713056	9.94194	0.159532	169191	856.492	o4m4	512	TGV	20
lighting_50	50	0	0.07	27	4.36221	1.95305	0.00507258	0.784868	10.8873	0.159532	169191	856.492	o6m6	512	TGV	20
lighting_70	70	0	0.07	27	4.62285	1.05529	0.00537641	0.831765	12.3376	0.159532	169191	856.492	o2m4	512	TGV	20
lighting_100	100	0	0.07	27	5.07335	-4.68888	0.00590356	0.91282	17.3239	0.159532	169191	856.492	o7m6	512	TGV	20
lighting_200	200	0	0.07	27	6.60685	2.54179	0.00772021	1.18873	16.0567	0.159532	169191	856.492	o7m4	512	TGV	20
lighting_1000	1000	0	0.07	27	NaN	NaN	NaN	NaN	NaN	NaN	0	NaN	o0m0	512	TGV	20
lighting_0p0001	0.0001	0	0.07	27	NaN	NaN	NaN	NaN	NaN	NaN	0	NaN	o0m0	512	TGV	20
lighting_0p001	0.001	0	0.07	27	NaN	NaN	NaN	NaN	NaN	NaN	0	NaN	o0m0	512	TGV	20
lighting_0p002	0.002	0	0.07	27	NaN	NaN	NaN	NaN	NaN	NaN	0	NaN	o0m0	512	TGV	20
lighting_0p003	0.003	0	0.07	27	NaN	NaN	NaN	NaN	NaN	NaN	0	NaN	o0m0	512	TGV	20
lighting_0p005	0.005	0	0.07	27	NaN	NaN	NaN	NaN	NaN	NaN	0	NaN	o0m0	512	TGV	20
lighting_0p007	0.007	0	0.07	27	NaN	NaN	NaN	NaN	NaN	NaN	0	NaN	o0m0	512	TGV	20
lighting_0p01	0.01	0	0.07	27	NaN	NaN	NaN	NaN	NaN	NaN	0	NaN	o0m0	512	TGV	20
lighting_0p02	0.02	0	0.07	27	NaN	NaN	NaN	NaN	NaN	NaN	0	NaN	o0m0	512	TGV	20
lighting_0p03	0.03	0	0.07	27	NaN	NaN	NaN	NaN	NaN	NaN	0	NaN	o0m0	512	TGV	20
lighting_0p05	0.05	0	0.07	27	NaN	NaN	NaN	NaN	NaN	NaN	0	NaN	o0m0	512	TGV	20
lighting_0p1	0.1	0	0.07	27	4.75419	-1.17624	0.00553801	0.855395	10.1596	0.159532	169191	856.492	o4m4	512	TGV	20
lighting_0p2	0.2	0	0.07	27	0.780337	-0.548751	0.000908654	0.140402	3.92609	0.159532	169191	856.492	o7m6	512	TGV	20
lighting_0p5	0.5	0	0.07	27	0.249189	0.110411	0.000290409	0.0448353	3.26236	0.159532	169191	856.492	o5m4	512	TGV	20
lighting_1	1	0	0.07	27	0.241463	0.119349	0.000281443	0.0434451	3.24316	0.159532	169191	856.492	o5m4	512	TGV	20
lighting_2	2	0	0.07	27	0.252598	0.120256	0.00029444	0.0454487	3.24084	0.159532	169191	856.492	o5m4	512	TGV	20
lighting_3	3	0	0.07	27	0.260692	0.129042	0.00030383	0.0469049	3.2575	0.159532	169191	856.492	o5m4	512	TGV	20
lighting_5	5	0	0.07	27	0.259078	0.133086	0.000301967	0.0466145	3.26614	0.159532	169191	856.492	o5m4	512	TGV	20
lighting_7	7	0	0.07	27	0.26025	0.135907	0.000303345	0.0468254	3.25311	0.159532	169191	856.492	o5m4	512	TGV	20
lighting_10	10	0	0.07	27	0.561563	0.077893	0.000652441	0.101039	3.70351	0.159532	169191	856.492	o5m4	512	TGV	20
lighting_15	15	0	0.07	27	1.55029	1.02755	0.00181336	0.278935	4.78427	0.159532	169191	856.492	o5m4	512	TGV	20
lighting_20	20	0	0.07	27	2.00429	0.643472	0.00233776	0.36062	7.47836	0.159532	169191	856.492	o5m4	512	TGV	20
lighting_30	30	0	0.07	27	3.96308	1.20772	0.00461164	0.713056	9.94194	0.159532	169191	856.492	o4m4	512	TGV	20
lighting_50	50	0	0.07	27	4.36221	1.95305	0.00507258	0.784868	10.8873	0.159532	169191	856.492	o6m6	512	TGV	20
lighting_70	70	0	0.07	27	4.62285	1.05529	0.00537641	0.831764	12.3376	0.159532	169191	856.492	o2m4	512	TGV	20
lighting_100	100	0	0.07	27	5.07335	-4.68888	0.00590356	0.91282	17.3239	0.159532	169191	856.492	o7m6	512	TGV	20
lighting_200	200	0	0.07	27	6.60685	2.54179	0.00772021	1.18873	16.0567	0.159532	169191	856.492	o7m4	512	TGV	20
lighting_1000	1000	0	0.07	27	NaN	NaN	NaN	NaN	NaN	NaN	0	NaN	o0m0	512	TGV	20
lighting_0p0001	0.0001	0	0.07	27	NaN	NaN	NaN	NaN	NaN	3.73606E-13	0	NaN	o0m0	512	TGV	20
lighting_0p001	0.001	0	0.07	27	NaN	NaN	NaN	NaN	NaN	3.73606E-13	0	NaN	o0m0	512	TGV	20
lighting_0p002	0.002	0	0.07	27	NaN	NaN	NaN	NaN	NaN	3.73606E-13	0	NaN	o0m0	512	TGV	20
lighting_0p003	0.003	0	0.07	27	NaN	NaN	NaN	NaN	NaN	3.73606E-13	0	NaN	o0m0	512	TGV	20
lighting_0p005	0.005	0	0.07	27	NaN	NaN	NaN	NaN	NaN	3.73606E-13	0	NaN	o0m0	512	TGV	20
lighting_0p007	0.007	0	0.07	27	NaN	NaN	NaN	NaN	NaN	3.73606E-13	0	NaN	o0m0	512	TGV	20
lighting_0p01	0.01	0	0.07	27	NaN	NaN	NaN	NaN	NaN	3.73606E-13	0	NaN	o0m0	512	TGV	20
lighting_0p02	0.02	0	0.07	27	NaN	NaN	NaN	NaN	NaN	3.73606E-13	0	NaN	o0m0	512	TGV	20
lighting_0p03	0.03	0	0.07	27	NaN	NaN	NaN	NaN	NaN	3.73606E-13	0	NaN	o0m0	512	TGV	20
lighting_0p05	0.05	0	0.07	27	NaN	NaN	NaN	NaN	NaN	3.73606E-13	0	NaN	o0m0	512	TGV	20
lighting_0p1	0.1	0	0.07	27	4.73191	-1.26643	0.00551113	0.851386	9.5549	3.73606E-13	169191	856.492	o6m6	512	TGV	20
lighting_0p2	0.2	0	0.07	27	0.763913	-0.638545	0.000889389	0.137447	1.58233	3.73606E-13	169191	856.492	o7m6	512	TGV	20
lighting_0p5	0.5	0	0.07	27	0.204947	0.0214618	0.000238923	0.036875	0.399522	3.73606E-13	169191	856.492	o7m6	512	TGV	20
lighting_1	1	0	0.07	27	0.212831	0.031184	0.000248076	0.0382936	0.415139	3.73606E-13	169191	856.492	o7m6	512	TGV	20
lighting_2	2	0	0.07	27	0.207182	0.0313676	0.000241431	0.0372771	0.404009	3.73606E-13	169191	856.492	o7m6	512	TGV	20
lighting_3	3	0	0.07	27	0.198023	0.0400943	0.000230742	0.0356292	0.384344	3.73606E-13	169191	856.492	o7m6	512	TGV	20
lighting_5	5	0	0.07	27	0.214678	0.0445645	0.000250137	0.0386259	0.419336	3.73606E-13	169191	856.492	o7m6	512	TGV	20
lighting_7	7	0	0.07	27	0.222033	0.0465936	0.000258776	0.0399491	0.459254	3.73606E-13	169191	856.492	o5m4	512	TGV	20
lighting_10	10	0	0.07	27	0.537	-0.0165487	0.000623478	0.0966196	2.0214	3.73606E-13	169191	856.492	o5m4	512	TGV	20
lighting_15	15	0	0.07	27	1.59088	0.91273	0.00185877	0.286238	4.50167	3.73606E-13	169191	856.492	o7m6	512	TGV	20
lighting_20	20	0	0.07	27	2.60211	0.940529	0.00303764	0.468183	9.20887	3.73606E-13	169191	856.492	o3m4	512	TGV	20
lighting_30	30	0	0.07	27	3.69356	1.05077	0.00429305	0.664562	12.0221	3.73606E-13	169191	856.492	o2m6	512	TGV	20
lighting_50	50	0	0.07	27	4.53191	1.82853	0.00526996	0.815401	11.3769	3.73606E-13	169191	856.492	o4m4	512	TGV	20
lighting_70	70	0	0.07	27	4.64703	0.97228	0.00540512	0.836116	13.1998	3.73606E-13	169191	856.492	o2m6	512	TGV	20
lighting_100	100	0	0.07	27	5.13182	-4.75334	0.00597188	0.923341	16.8903	3.73606E-13	169191	856.492	o7m6	512	TGV	20
lighting_200	200	0	0.07	27	33.8646	33.6453	0.039618	6.09308	66.4348	3.73606E-13	169191	856.492	o2m2	512	TGV	20
lighting_1000	1000	0	0.07	27	NaN	NaN	NaN	NaN	NaN	3.73606E-13	0	NaN	o0m0	512	TGV	20
speckle_0.035	1	0	0.035	27	0.106586	0.020753	0.000124201	0.0191903	0.202631	3.73021E-13	169221	856.489	o7m6	512	TGV	20
speckle_0.070	1	0	0.07	27	0.106723	0.0207717	0.000124361	0.019215	0.202981	3.73021E-13	169221	856.489	o7m6	512	TGV	20
speckle_0.175	1	0	0.175	27	0.110908	0.0219289	0.000129268	0.0199685	0.214945	3.73021E-13	169221	856.489	o7m6	512	TGV	20
speckle_0.280	1	0	0.28	27	0.105865	0.0185301	0.000123347	0.0190605	0.199801	3.73021E-13	169221	856.489	o7m6	512	TGV	20
speckle_0.350	1	0	0.35	27	0.121019	0.0258699	0.000141087	0.0217889	0.26466	3.73021E-13	169221	856.489	o7m6	512	TGV	20
speckle_0.500	1	0	0.5	27	0.344967	0.161736	0.000402563	0.0621096	0.96999	3.73021E-13	169221	856.489	o5m4	512	TGV	20
speckle_0.700	1	0	0.7	27	0.190354	0.102453	0.00022211	0.0342723	0.501598	3.73021E-13	169221	856.489	o5m4	512	TGV	20
speckle_1.400	1	0	1.4	27	0.4007	0.199307	0.000467799	0.0721442	1.41842	3.73021E-13	169221	856.489	o5m4	512	TGV	20
speckle_2.100	1	0	2.1	27	0.757564	-0.179231	0.000882535	0.136396	1.96449	3.73021E-13	169221	856.489	o5m4	512	TGV	20
speckle_2.800	1	0	2.8	27	0.373198	0.291669	0.00043558	0.0671926	1.21173	3.73021E-13	169221	856.489	o5m4	512	TGV	20
speckle_7.000	1	0	7	27	1.33151	-0.322925	0.00154492	0.239732	3.30806	3.73021E-13	169221	856.489	o5m4	512	TGV	20
speckle_0.500	1	0	0.5	27	1.5247	1.43116	0.0017868	0.273878	3.18952	3.72719E-13	169144	856.508	o7m6	512	TGV	20
speckle_0.350	1	0	0.35	27	0.228963	-0.0140751	0.000266807	0.0411281	0.482372	3.72719E-13	169144	856.508	o7m6*	512	TGV	20
speckle_0.700	1	0	0.7	27	0.306146	0.112829	0.000357037	0.0549924	0.725391	3.72719E-13	169144	856.508	o7m6*	512	TGV	20
speckle_0.280	1	0	0.28	27	0.205231	-0.0258743	0.000239126	0.0368652	0.391426	3.72719E-13	169144	856.508	o7m6*	512	TGV	20
speckle_1.400	1	0	1.4	27	1.11517	0.942702	0.00130813	0.200315	2.5106	3.72719E-13	169144	856.508	o7m6*	512	TGV	20
speckle_0.175	1	0	0.175	27	0.208152	-0.0243274	0.000242556	0.0373898	0.406549	3.72719E-13	169144	856.508	o7m6*	512	TGV	20
speckle_2.100	1	0	2.1	27	0.959565	0.158444	0.00112129	0.172365	2.15156	3.72719E-13	169144	856.508	o7m6*	512	TGV	20
speckle_0.070	1	0	0.07	27	0.205	-0.0215489	0.000238848	0.0368236	0.395128	3.72719E-13	169144	856.508	o7m6*	512	TGV	20
speckle_2.800	1	0	2.8	27	2.36341	2.25871	0.00276949	0.424535	5.12643	3.72719E-13	169144	856.508	o7m6*	512	TGV	20
speckle_0.035	1	0	0.035	27	0.204136	-0.023549	0.000237835	0.0366686	0.392749	3.72719E-13	169144	856.508	o7m6*	512	TGV	20
speckle_7.000	1	0	7	27	2.55893	0.56268	0.00298149	0.459655	5.44741	3.72719E-13	169144	856.508	o7m6*	512	TGV	20
speckle_0.500	1	0	0.5	27	1.5247	1.43116	0.0017868	0.273878	3.18952	3.72719E-13	169144	856.508	o7m6	512	TGV	20
speckle_0.350	1	0	0.35	27	0.228963	-0.0140752	0.000266807	0.041128	0.482372	3.72719E-13	169144	856.508	o7m6*	512	TGV	20
speckle_0.700	1	0	0.7	27	0.306147	0.11283	0.000357037	0.0549924	0.725392	3.72719E-13	169144	856.508	o7m6*	512	TGV	20
speckle_0.280	1	0	0.28	27	0.205231	-0.0258744	0.000239126	0.0368652	0.391426	3.72719E-13	169144	856.508	o7m6*	512	TGV	20
speckle_p1	1	0	-1	27	0.211969	-0.00187693	0.000246996	0.0380755	0.452068	3.72719E-13	169144	856.508	o7m6	512	TGV	20
speckle_p1p5	1	0	-1.5	27	0.219168	0.0104916	0.000255361	0.0393687	0.496026	3.72719E-13	169144	856.508	o5m4	512	TGV	20
speckle_p2	1	0	-2	27	0.223329	0.0116494	0.000260258	0.0401161	0.547944	3.72719E-13	169144	856.508	o5m4	512	TGV	20
speckle_p3	1	0	-3	27	0.209094	-0.00979539	0.000243612	0.037559	0.464627	3.72719E-13	169144	856.508	o5m4	512	TGV	20
speckle_p4	1	0	-4	27	0.209936	-0.0147345	0.000244658	0.0377103	0.424734	3.72719E-13	169144	856.508	o5m4	512	TGV	20
speckle_p6	1	0	-6	27	0.205281	-0.0239891	0.000239186	0.0368741	0.393489	3.72719E-13	169144	856.508	o7m6	512	TGV	20
speckle_p8	1	0	-8	27	0.203296	-0.0246723	0.000236869	0.0365176	0.38414	3.72719E-13	169144	856.508	o7m6	512	TGV	20
speckle_p12	1	0	-12	27	0.204445	-0.0299958	0.000238188	0.0367239	0.384232	3.72719E-13	169144	856.508	o7m6	512	TGV	20
speckle_p16	1	0	-16	27	0.20278	-0.0290601	0.000236262	0.0364249	0.379896	3.72719E-13	169144	856.508	o7m6	512	TGV	20
speckle_p24	1	0	-24	27	0.203373	-0.0288139	0.000236952	0.0365314	0.380719	3.72719E-13	169144	856.508	o7m6	512	TGV	20
speckle_p32	1	0	-32	27	0.202982	-0.0280066	0.000236496	0.0364612	0.380928	3.72719E-13	169144	856.508	o7m6	512	TGV	20
speckle_0.035	1	0	0.035	27	0.204422	-0.0241612	0.000238206	0.0367198	0.394169	3.72719E-13	169144	856.508	o5m4	512	TGV	20
speckle_p1	1	0	-1	27	0.3478	0.202093	0.000406267	0.0624745	0.797889	3.72719E-13	169144	856.508	o5m4*	512	TGV	20
speckle_0.070	1	0	0.07	27	0.203796	-0.0221234	0.000237471	0.0366074	0.393991	3.72719E-13	169144	856.508	o5m4*	512	TGV	20
speckle_p1p5	1	0	-1.5	27	0.306165	0.0806475	0.000357028	0.0549958	0.786589	3.72719E-13	169144	856.508	o5m4*	512	TGV	20
speckle_0.175	1	0	0.175	27	0.208837	-0.0251819	0.000243346	0.0375129	0.405974	3.72719E-13	169144	856.508	o5m4*	512	TGV	20
speckle_p2	1	0	-2	27	0.243636	0.0443521	0.000283942	0.0437638	0.624018	3.72719E-13	169144	856.508	o5m4*	512	TGV	20
speckle_0.280	1	0	0.28	27	0.203675	-0.0264598	0.000237312	0.0365858	0.387048	3.72719E-13	169144	856.508	o5m4*	512	TGV	20
speckle_p3	1	0	-3	27	0.228822	0.00121241	0.00026664	0.0411028	0.509352	3.72719E-13	169144	856.508	o5m4*	512	TGV	20
speckle_0.350	1	0	0.35	27	0.217147	-0.0160077	0.00025301	0.0390056	0.459982	3.72719E-13	169144	856.508	o5m4*	512	TGV	20
speckle_p4	1	0	-4	27	0.21933	-0.00751449	0.000255627	0.0393977	0.456923	3.72719E-13	169144	856.508	o5m4*	512	TGV	20
speckle_0.500	1	0	0.5	27	1.59031	1.4269	0.00186311	0.285663	3.30267	3.72719E-13	169144	856.508	o5m4*	512	TGV	20
speckle_p6	1	0	-6	27	0.202376	-0.0197154	0.000235773	0.0363523	0.404272	3.72719E-13	169144	856.508	o5m4*	512	TGV	20
speckle_0.700	1	0	0.7	27	0.287836	0.109217	0.000335646	0.0517033	0.692246	3.72719E-13	169144	856.508	o5m4*	512	TGV	20
speckle_p8	1	0	-8	27	0.202587	-0.0215899	0.000236055	0.0363903	0.390605	3.72719E-13	169144	856.508	o5m4*	512	TGV	20
speckle_1.400	1	0	1.4	27	1.15532	0.94145	0.00135471	0.207528	2.57049	3.72719E-13	169144	856.508	o5m4*	512	TGV	20
speckle_p12	1	0	-12	27	0.203208	-0.0301664	0.000236766	0.0365018	0.384612	3.72719E-13	169144	856.508	o5m4*	512	TGV	20
speckle_2.100	1	0	2.1	27	1.05441	0.151268	0.00123108	0.1894	2.29883	3.72719E-13	169144	856.508	o5m4*	512	TGV	20
speckle_p16	1	0	-16	27	0.203689	-0.0299404	0.000237316	0.0365882	0.383929	3.72719E-13	169144	856.508	o5m4*	512	TGV	20
speckle_2.800	1	0	2.8	27	2.37677	2.25788	0.00278568	0.426934	5.13291	3.72719E-13	169144	856.508	o5m4*	512	TGV	20
speckle_p24	1	0	-24	27	0.204197	-0.0297171	0.000237904	0.0366795	0.385401	3.72719E-13	169144	856.508	o5m4*	512	TGV	20
speckle_7.000	1	0	7	27	2.3706	0.587432	0.00276332	0.425826	5.12122	3.72719E-13	169144	856.508	o5m4*	512	TGV	20
speckle_p32	1	0	-32	27	0.2052	-0.0288942	0.000239089	0.0368596	0.388629	3.72719E-13	169144	856.508	o5m4*	512	TGV	20
lighting_1	1	0	0.07	27	0.0428398	0.00948314	4.99923E-05	0.00770512	0.129446	3.73008E-13	169213	856.502	o7m6	512	TGV	20
exp_normal	0	0	0.07	28	0.0441942	0.00951586	5.16059E-05	0.00771815	0.140201	3.7249E-13	168616	855.696	o5m4	512	TGV	20
exp_normal	0	0	0.07	29	0.0446348	0.00838928	5.2168E-05	0.00740558	0.131543	3.73303E-13	167816	854.759	o5m4	512	TGV	20
exp_normal	0	0	0.07	29	0.05867	0.00531694	6.86377E-05	0.00973421	0.179923	3.73303E-13	167816	854.759	o5m4	512	TGV	20
exp_normal	0	0	0.07	29	0.0680853	0.00651952	7.96653E-05	0.0112963	0.201475	3.73303E-13	167816	854.759	o5m4	512	TGV	20
exp_normal	0	0	0.07	29	0.0586757	0.00533157	6.86442E-05	0.00973516	0.179925	3.73303E-13	167816	854.759	o5m4	512	TGV	20
exp_normal	0	0	0.07	29	0.0586764	0.00536245	6.86452E-05	0.00973529	0.17989	3.73303E-13	167816	854.759	o5m4	512	TGV	1
exp_normal	0	0	0.07	29	0.0506633	0.00750709	5.92313E-05	0.00840579	0.152488	3.73303E-13	167816	854.759	o5m4	512	TGV	1
exp_normal	0	0	0.07	29	0.0210688	0.00286822	2.45898E-05	0.00349563	0.0675886	3.73303E-13	167816	854.759	o5m4	512	TGV	1
exp_normal	0	0	0.07	29	0.0195306	0.00289117	2.27993E-05	0.00324042	0.0614063	3.73303E-13	167816	854.759	o5m4	512	TGV	1
