experiment	lighting_intensity	mean_v_error	std_v_error	min_v_error	max_v_error	u_mae	v_mae	exx_rel_mae	eyy_rel_mae	render_res
lighting_2	2	0.05234646	0.05268771	2.183235E-06	1.937191	0.301529	0.588779	0.0547431	0.0828744	512
lighting_3	3	0.05336741	0.05603128	6.573991E-07	2.146686	0.323809	0.584804	0.0668473	0.0814931	512
lighting_5	5	0.05705645	0.06084692	5.742855E-07	2.566716	0.505453	0.633944	0.100677	0.102492	512
lighting_7	7	0.06676113	0.07402509	0	2.903387	0.744854	0.800448	0.160589	0.16931	512
lighting_10	10	0.08457233	0.1034876	0	3.828866	1.22723	1.09265	0.245789	0.267023	512
lighting_15	15	0.1054515	0.1331212	2.165088E-06	4.769661	1.96101	1.38388	0.382039	0.380243	512
lighting_20	20	0.1284487	0.1553503	0	5.396465	2.5932	1.6704	0.488326	0.475069	512
lighting_30	30	0.1691323	0.1917807	9.614886E-07	6.66215	3.73846	2.16469	0.646896	0.654892	512
lighting_50	50	0.2430203	0.2648624	1.404617E-06	9.024153	5.67773	2.87914	0.879655	0.900681	512
lighting_0p2	0.200000003	0.05371341	0.05188822	0	1.755228	0.316143	0.636551	0.061555	0.105206	512
lighting_0p5	0.5	0.0509084	0.04831088	0	1.911635	0.309033	0.601223	0.056896	0.0959134	512
lighting_1	1	0.04971136	0.04927929	0	1.928562	0.296553	0.570273	0.0520413	0.0861037	512
lighting_0p0001	9.99999975E-05	1	0	1	1	9.52435	13.7516	1	1	512
lighting_0p001	0.00100000005	1	0	1	1	9.52435	13.7516	1	1	512
lighting_0p002	0.00200000009	1	0	1	1	9.52435	13.7516	1	1	512
lighting_0p003	0.00300000003	1	0	1	1	9.52435	13.7516	1	1	512
lighting_0p005	0.00499999989	1	0	1	1	9.52435	13.7516	1	1	512
lighting_0p007	0.00700000022	0.9298313	0.1225966	0.0006026592	7.81008	9.47707	13.0579	0.998659	1.01629	512
lighting_0p01	0.00999999978	4.346151	8.072193	1.684747E-06	334.6396	5.87586	42.274	0.719389	5.7885	512
lighting_0p02	0.0199999996	0.3246818	1.877018	0	114.3292	0.870582	1.443	0.11052	0.295425	512
lighting_0p03	0.0299999993	0.09747811	0.2888105	0	18.03237	0.574425	1.17755	0.142939	0.451217	512
lighting_0p05	0.0500000007	0.05158146	0.08029915	0	4.905155	0.297826	0.586115	0.0675853	0.0938668	512
lighting_0p1	0.100000001	0.07129358	0.09798673	0	2.132118	0.599409	1.04583	0.142912	0.389126	512
lighting_70	70	0.25612	0.24666	9.192647E-07	7.358763	6.60832	3.03314	0.956761	0.94097	512
lighting_100	100	0.2912075	0.280566	5.844672E-06	8.552676	7.40373	3.30169	0.998572	1.0209	512
lighting_200	200	0.391549	0.4035385	2.534469E-06	16.3713	8.77223	3.94576	1.02216	1.16605	512
lighting_1000	1000	0.437313	0.5880177	5.758355E-06	24.30239	9.23306	3.7349	1.0177	1.07673	512
