experiment	peak_electrons	full_scale_relative_sigma	mean_v_error	std_v_error	min_v_error	max_v_error	u_mae	v_mae	exx_rel_mae	eyy_rel_mae	render_res	regularization	strain_sigma
shot_clean	inf	0	0.04972098	0.04945839	1.133324E-06	1.957493	0.296536	0.570282	0.0520484	0.0861056	512	TGV	20
shot_e10000	10000	0.00999999978	0.04975468	0.05094548	0	2.00972	0.29019	0.569149	0.0513455	0.086364	512	TGV	20
shot_e1000	1000	0.0316227786	0.04762796	0.0505302	1.51796E-06	2.898064	0.280445	0.539053	0.0481401	0.0868167	512	TGV	20
shot_e100	100	0.100000001	0.04366501	0.07901742	0	4.730353	0.281863	0.381395	0.0497854	0.0817343	512	TGV	20
shot_e300	300	0.0577350222	0.04585978	0.05244489	0	1.924006	0.257322	0.480018	0.0413724	0.0841221	512	TGV	20
shot_e30	30	0.182574183	0.04771365	0.1140235	0	5.682179	0.309541	0.369254	0.0530485	0.108617	512	TGV	20
shot_e10	10	0.316227764	0.06888095	0.1514416	0	7.44175	0.526385	0.5986	0.0970526	0.20921	512	TGV	20
shot_e5	5	0.44721359	0.1437463	0.403925	2.057368E-06	18.21614	1.6623	1.26345	0.344021	0.487603	512	TGV	20
shot_e3	3	0.577350259	0.3097305	0.4375647	1.666758E-06	20.59558	4.594	3.58774	0.62089	1.29059	512	TGV	20
shot_e2	2	0.707106769	0.3588668	1.59644	1.947894E-06	82.09161	3.06675	2.44633	0.445963	0.933592	512	TGV	20
shot_e1	1	1	0.5255538	1.002812	1.256239E-06	42.16789	6.39679	4.91845	0.833077	1.35683	512	TGV	20
shot_e0p5	0.5	1.41421354	0.5920545	1.540681	2.008621E-06	58.09482	9.70751	4.82077	0.915702	1.13001	512	TGV	20
