experiment	speckle_size	mean_v_error	std_v_error	min_v_error	max_v_error	u_mae	v_mae	exx_rel_mae	eyy_rel_mae	render_res	regularization	strain_sigma
speckle_0.035	0.035	0.02597415	0.03580488	0	1.677071	0.184908	0.203707	0.03102	0.0390921	512	TGV	20
speckle_0.070	0.070	0.02609997	0.03706903	0	1.718437	0.184874	0.203706	0.0310392	0.0390877	512	TGV	20
speckle_0.175	0.175	0.02513897	0.04446123	0	1.95729	0.226029	0.190489	0.0377594	0.032632	512	TGV	20
speckle_0.280	0.280	0.02508805	0.03501423	0	1.529652	0.208976	0.193229	0.0347942	0.0248824	512	TGV	20
speckle_0.350	0.350	0.05501502	0.1107927	0	4.218272	0.406335	0.40637	0.075964	0.148138	512	TGV	20
speckle_0.500	0.500	0.5511423	0.4869258	1.939281E-06	7.252383	5.3498	8.76177	0.55155	2.67097	512	TGV	20
speckle_0.700	0.700	0.07993004	0.1660999	0	10.20906	0.837284	0.764908	0.154619	0.329973	512	TGV	20
speckle_1.400	1.400	0.3100453	0.4458139	1.401772E-06	25.00854	3.00556	5.05895	0.488266	1.4836	512	TGV	20
speckle_2.100	2.100	0.1914568	0.616996	0	36.11076	2.37501	2.10157	0.42292	0.906668	512	TGV	20
speckle_2.800	2.800	0.6959786	0.6348195	2.091315E-06	17.12047	7.89059	10.4729	0.739633	2.71102	512	TGV	20
speckle_7.000	7.000	0.3238291	0.4779531	3.280011E-06	29.02534	2.89489	4.3726	0.484468	1.4244	512	TGV	20
speckle_p1	-1.000	0.7981921	0.6525728	2.783926E-06	5.172312	7.81717	13.1627	0.791793	3.53332	512	TGV	20
speckle_p1p5	-1.500	0.8377333	0.6835524	5.098129E-06	5.237975	8.33949	14.1386	0.815756	3.89695	512	TGV	20
speckle_p2	-2.000	0.8845994	0.7377358	5.762914E-06	4.701799	9.35261	15.0801	0.898958	4.12462	512	TGV	20
speckle_p3	-3.000	0.7651355	0.6686837	4.701793E-07	5.087941	8.74182	13.4474	0.856345	3.69806	512	TGV	20
speckle_p4	-4.000	0.5586514	0.559096	3.216817E-06	2.005007	6.22649	10.1271	0.754647	2.81031	512	TGV	20
speckle_p6	-6.000	0.1469179	0.2540439	1.034637E-06	2.872165	1.50133	2.75276	0.341312	1.01678	512	TGV	20
speckle_p8	-8.000	0.02948114	0.05143822	0	2.585419	0.206423	0.222531	0.0358609	0.033802	512	TGV	20
speckle_p12	-12.000	0.02415709	0.03122639	0	1.194138	0.212234	0.1819	0.0346795	0.0223101	512	TGV	20
speckle_p16	-16.000	0.02444852	0.03729134	0	1.672085	0.21661	0.179883	0.0360104	0.021263	512	TGV	20
speckle_p24	-24.000	0.02363501	0.03208645	0	1.562297	0.219899	0.177573	0.0355998	0.0202245	512	TGV	20
speckle_p32	-32.000	0.02338427	0.03224226	0	1.407055	0.21705	0.1765	0.0355672	0.0198648	512	TGV	20
